{
    "accuracy_score": 0.698170731707317,
    "precision_score": 0.676923076923077,
    "recall_score": 0.36065573770491804,
    "f1-score": 0.47058823529411764
}
